Time [days],Normalized Flux,Normalized Flux Errors
0.008808010293233106,0.9999465975554532,5.559140968589704e-06
0.040663102823881594,0.9999566819275579,5.559140968589704e-06
0.09075125808428133,1.0000109853276564,5.559140968589704e-06
0.14310736916630967,0.9999995406230155,5.559140968589704e-06
0.18017479987525692,1.0000005614402774,5.559140968589704e-06
0.2063978828830899,1.0000007415452816,5.559140968589704e-06
0.2519896658097206,1.0000094226564191,5.559140968589704e-06
0.2757154211284793,0.9999970515801223,5.559140968589704e-06
0.31025633662456364,1.000013446363509,5.559140968589704e-06
0.3848429420281997,1.0000057345722126,5.559140968589704e-06
0.42720642428166405,0.9999993643344905,5.559140968589704e-06
0.45618707675403586,0.9999955846951282,5.559140968589704e-06
0.4991251092886653,1.00001008253111,5.559140968589704e-06
0.5203253974634374,1.0000033820226517,5.559140968589704e-06
0.5860016105372013,1.0000099029798284,5.559140968589704e-06
0.6170130388157414,0.9999988965180179,5.559140968589704e-06
0.6716962699006049,0.9999997892440294,5.559140968589704e-06
0.6878677584408672,1.0000039619137318,5.559140968589704e-06
0.7313522328182509,0.9999924995817514,5.559140968589704e-06
0.7719067939928532,0.9999937811324584,5.559140968589704e-06
0.8347092706247733,1.0000021986041931,5.559140968589704e-06
0.8503883620029645,1.000000604580138,5.559140968589704e-06
0.9207570402336558,1.0000005065518645,5.559140968589704e-06
0.9457813588819093,1.0000081195189672,5.559140968589704e-06
0.9888646574317972,1.0000038686254586,5.559140968589704e-06
1.0186325551583484,1.0000070652296262,5.559140968589704e-06
1.0496160173551237,1.0000019118832146,5.559140968589704e-06
1.1085188904101098,1.0000136282455392,5.559140968589704e-06
1.1657992837071043,0.9999924263499934,5.559140968589704e-06
1.2030314287959327,1.0000086413033276,5.559140968589704e-06
1.2321910568327288,1.0000000188194273,5.559140968589704e-06
1.269241230299987,1.000003509960209,5.559140968589704e-06
1.3211700371577277,0.9999927769768341,5.559140968589704e-06
1.3470771060900424,1.0000037942575628,5.559140968589704e-06
1.3980508356604433,0.9999944743881174,5.559140968589704e-06
1.4420660594405246,0.9999950020489039,5.559140968589704e-06
1.4895582316341853,1.0000104798034561,5.559140968589704e-06
1.5185795702996108,0.9999887733433064,5.559140968589704e-06
1.5423463574465048,0.9999970615714778,5.559140968589704e-06
1.5902812908801103,0.9999956383999027,5.559140968589704e-06
1.6471875289296174,0.9999955778812473,5.559140968589704e-06
1.667337009861347,0.9999902995240105,5.559140968589704e-06
1.7217321610287484,1.000002224139506,5.559140968589704e-06
1.7712578785285615,1.0000042261603095,5.559140968589704e-06
1.8060121604230974,0.9999922560723727,5.559140968589704e-06
1.8550262824217827,1.00000515212842,5.559140968589704e-06
1.8881962766466427,0.9999989510934131,5.559140968589704e-06
1.920653747498156,0.9999959435692286,5.559140968589704e-06
1.9477276507027363,0.9999980236386673,5.559140968589704e-06
2.0108552578476697,1.0000172063708948,5.559140968589704e-06
2.064248226273918,0.9999965666094168,5.559140968589704e-06
2.0721543831250946,0.9999920094111204,5.559140968589704e-06
2.1434360228451914,0.9999975126078448,5.559140968589704e-06
2.1509887231096627,1.0000004491703556,5.559140968589704e-06
2.1938304460020457,0.9999931676852017,5.559140968589704e-06
2.2652952802462836,0.9999963728869323,5.559140968589704e-06
2.274751123844117,0.9999985195506866,5.559140968589704e-06
2.3272364568498967,1.0000079805514965,5.559140968589704e-06
2.3879872424486708,1.0000061348161426,5.559140968589704e-06
2.4350154959694414,0.9999996559417763,5.559140968589704e-06
2.4747265269277574,0.9999883809882287,5.559140968589704e-06
2.480421306613473,1.0000021636029242,5.559140968589704e-06
2.5384265404446613,0.9999965855335762,5.559140968589704e-06
2.5976320998079587,1.000000943948427,5.559140968589704e-06
2.631567936071775,0.9999977018481214,5.559140968589704e-06
2.668207941130657,0.9999997928571647,5.559140968589704e-06
2.7086340729475182,1.0000019061399161,5.559140968589704e-06
2.757135572463904,0.9999933915946618,5.559140968589704e-06
2.7878340296651367,1.0000010900467269,5.559140968589704e-06
2.833926384812742,0.9999865899264491,5.559140968589704e-06
2.8524351693023258,1.0000033622528666,5.559140968589704e-06
2.910622890513418,1.0000154823908416,5.559140968589704e-06
2.9305465594697284,1.000001317545442,5.559140968589704e-06
2.999799705333828,0.9999954516361861,5.559140968589704e-06
3.0310635012758365,1.000004282078074,5.559140968589704e-06
3.0862171292592526,1.0000031046406577,5.559140968589704e-06
3.1051948776422704,1.000001948344423,5.559140968589704e-06
3.164432640009506,0.999998401913887,5.559140968589704e-06
3.1871006016685683,0.9999956551079613,5.559140968589704e-06
3.2288069681490734,0.9999975393445112,5.559140968589704e-06
3.2669809075246676,0.9999903775670612,5.559140968589704e-06
3.297853793368738,0.9999994985575326,5.559140968589704e-06
3.3521365618860446,0.9999995573109903,5.559140968589704e-06
3.389386207098959,1.0000092358845842,5.559140968589704e-06
3.455673306715174,1.0000068074839747,5.559140968589704e-06
3.4587603762465218,0.9999937353164086,5.559140968589704e-06
3.520393116809811,0.9999998194096529,5.559140968589704e-06
3.542801798318923,0.9999964585329968,5.559140968589704e-06
3.5932076563178748,1.0000055385526914,5.559140968589704e-06
3.645942410886629,1.0000091336676142,5.559140968589704e-06
3.703847114887755,1.000007192238402,5.559140968589704e-06
3.7066393701345173,0.9999985304944345,5.559140968589704e-06
3.7639702048842185,0.9999939952059499,5.559140968589704e-06
3.8186488700203185,1.000002054323619,5.559140968589704e-06
3.8576830032795515,0.9999942495176778,5.559140968589704e-06
3.8690327179141226,1.000004617326105,5.559140968589704e-06
3.9256195715506594,0.9999998403841549,5.559140968589704e-06
3.979065403001113,1.000003078275516,5.559140968589704e-06
4.019659837267997,1.0000058862230112,5.559140968589704e-06
4.0616225166100755,1.0000026691777422,5.559140968589704e-06
4.0945707424582265,0.9999949469546827,5.559140968589704e-06
4.121149864476003,1.0000031905762548,5.559140968589704e-06
4.178989743772245,0.9999952658776663,5.559140968589704e-06
4.221576089094176,0.9999949321462268,5.559140968589704e-06
4.2664387895127165,0.9999887656848574,5.559140968589704e-06
4.304832659695757,0.9999987449635601,5.559140968589704e-06
4.324278377380343,0.9999964170244174,5.559140968589704e-06
4.365289279108155,0.9999644616654696,5.559140968589704e-06
4.417346183258466,0.9999451076111033,5.559140968589704e-06
4.473487551618802,0.9999484117116513,5.559140968589704e-06
4.521433714215064,0.9999422203663995,5.559140968589704e-06
4.540690302348475,0.9999492577444562,5.559140968589704e-06
4.593867290794815,0.9999529536646604,5.559140968589704e-06
4.621472342670215,0.9999630481234043,5.559140968589704e-06
4.675044882814277,0.9999940780245632,5.559140968589704e-06
4.704230063272149,0.9999996578040758,5.559140968589704e-06
4.750489873590846,0.9999958699226336,5.559140968589704e-06
4.793380728706352,1.0000060639952368,5.559140968589704e-06
4.818840079690634,0.999992118045322,5.559140968589704e-06
4.861632308518279,0.999952152735564,5.559140968589704e-06
4.900713868025655,0.9999499039906333,5.559140968589704e-06
4.944150586482951,0.9999601319669739,5.559140968589704e-06
4.9895025355367055,0.9999552507832482,5.559140968589704e-06
5.036061693332235,0.9999578020258998,5.559140968589704e-06
5.063249928725624,0.9999560927059663,5.559140968589704e-06
5.097228871355566,0.9999569182409435,5.559140968589704e-06
5.145213785778322,0.9999622954865491,5.559140968589704e-06
5.203419036016555,0.9999962397707377,5.559140968589704e-06
5.232278587283774,0.9999894763333107,5.559140968589704e-06
5.29755079934664,0.9999952553759924,5.559140968589704e-06
5.32800344576404,1.0000026768035952,5.559140968589704e-06
5.3615907875384075,1.0000014613491535,5.559140968589704e-06
5.390172909407638,1.0000031017822433,5.559140968589704e-06
5.42746811200103,1.000008796679551,5.559140968589704e-06
5.491346896944556,1.0000029059282922,5.559140968589704e-06
5.533368672881906,1.0000061065975183,5.559140968589704e-06
5.547361273212898,1.0000035810516106,5.559140968589704e-06
5.615134083447217,1.0000048176059626,5.559140968589704e-06
5.6523121910588126,0.9999909233431973,5.559140968589704e-06
5.684288106463479,1.000003045867025,5.559140968589704e-06
5.742294507531243,1.000004077483182,5.559140968589704e-06
5.756514352055005,1.000001141909247,5.559140968589704e-06
5.796714246588436,0.99999461492427,5.559140968589704e-06
5.865526360402566,1.000006106545154,5.559140968589704e-06
5.874955903176954,1.0000021932849101,5.559140968589704e-06
5.944525564818267,1.0000055761115905,5.559140968589704e-06
5.959606947979161,1.0000015425161919,5.559140968589704e-06
6.013056254543217,1.000011998010906,5.559140968589704e-06
6.068311501063286,1.000006169239487,5.559140968589704e-06
6.113706552635455,1.0000061479311912,5.559140968589704e-06
6.131103292996179,1.0000026165226747,5.559140968589704e-06
6.183038388005626,1.0000004820329071,5.559140968589704e-06
6.237345170136204,0.9999991210748969,5.559140968589704e-06
6.264656080147739,0.9999894258483542,5.559140968589704e-06
6.288660948579172,0.9999983334426185,5.559140968589704e-06
6.328330077272534,1.000010288384807,5.559140968589704e-06
6.3651568470515185,1.0000017986038905,5.559140968589704e-06
6.442833300031909,1.0000015852124318,5.559140968589704e-06
6.451984264492458,0.9999980466980517,5.559140968589704e-06
6.501620711237333,1.000004955149445,5.559140968589704e-06
6.535079873593308,0.9999967447149126,5.559140968589704e-06
6.602147654489965,1.0000051157929861,5.559140968589704e-06
6.647151800334381,0.9999982601982053,5.559140968589704e-06
6.6662296430852965,0.9999959185230425,5.559140968589704e-06
6.694340440361508,0.9999918871443023,5.559140968589704e-06
6.739521213327164,0.9999893016404799,5.559140968589704e-06
6.792198152964055,0.9999948863630039,5.559140968589704e-06
6.85009207910749,1.000000824627812,5.559140968589704e-06
6.868503648510968,0.999989072473242,5.559140968589704e-06
6.920613037718091,1.0000046730364263,5.559140968589704e-06
6.9472984345250905,1.0000004489504062,5.559140968589704e-06
7.012659803161705,1.0000087658011805,5.559140968589704e-06
7.039930509945955,1.0000119552685802,5.559140968589704e-06
7.068512863616262,0.9999987462665718,5.559140968589704e-06
7.106726656087669,0.9999965469170052,5.559140968589704e-06
7.167853824563625,1.0000091385304373,5.559140968589704e-06
7.185467179063467,0.9999999817176632,5.559140968589704e-06
7.224693432813068,0.9999921765319052,5.559140968589704e-06
7.26455312041908,1.0000053898056056,5.559140968589704e-06
7.32641073107915,1.00000509751467,5.559140968589704e-06
7.358614336133965,1.0000024653772155,5.559140968589704e-06
7.408198364291141,1.0000039689812592,5.559140968589704e-06
7.444014998122634,1.0000050058268262,5.559140968589704e-06
7.473526606640783,0.9999907566317322,5.559140968589704e-06
7.516732144847081,0.999998339484881,5.559140968589704e-06
7.577753081598105,0.9999973158689279,5.559140968589704e-06
7.62434098309705,1.000002137945532,5.559140968589704e-06
7.64049348265633,0.9999948252974454,5.559140968589704e-06
7.702548842444496,1.0000047319957102,5.559140968589704e-06
7.748948381707718,1.000008325518376,5.559140968589704e-06
7.781748330000436,0.9999981674892492,5.559140968589704e-06
7.832139881229612,0.9999898709494307,5.559140968589704e-06
7.838954758671134,0.9999969539789009,5.559140968589704e-06
7.893562535064745,1.0000152517365315,5.559140968589704e-06
7.929967387752408,0.999993443819833,5.559140968589704e-06
7.967207257586394,1.0000032529059453,5.559140968589704e-06
8.02677327042966,1.0000035762628277,5.559140968589704e-06
8.060700414519973,0.9999941177251669,5.559140968589704e-06
8.095630523801885,1.0000035256279545,5.559140968589704e-06
8.13664815061269,1.0000031554587123,5.559140968589704e-06
8.195911337935009,1.0000081726018017,5.559140968589704e-06
8.209610590718968,0.9999987359699691,5.559140968589704e-06
8.278335491802519,1.00000049836578,5.559140968589704e-06
8.296294002950901,0.9999927762669295,5.559140968589704e-06
8.35910512230544,1.0000034111814604,5.559140968589704e-06
8.391932279476661,0.9999997260106592,5.559140968589704e-06
8.428459192420522,0.9999958580774931,5.559140968589704e-06
8.465646718044235,0.9999999793131817,5.559140968589704e-06
8.510070637658288,1.0000129185412079,5.559140968589704e-06
8.541662647071124,1.0000045819112346,5.559140968589704e-06
8.596226466483404,1.0000052812956988,5.559140968589704e-06
8.651549365204865,1.0000020566818106,5.559140968589704e-06
8.691953499687624,1.0000088707218895,5.559140968589704e-06
8.733977296083042,0.9999921737429874,5.559140968589704e-06
8.744618692239845,1.0000083382292433,5.559140968589704e-06
8.780618682015533,1.000009593381214,5.559140968589704e-06
8.849557797544982,1.0000012248667964,5.559140968589704e-06
8.867353905896234,1.000000545794915,5.559140968589704e-06
8.919682004299498,0.9999983907747182,5.559140968589704e-06
8.976899426403717,0.9999479285949674,5.559140968589704e-06
9.013569590470885,0.9999475033049169,5.559140968589704e-06
9.042088014746334,0.999941041343743,5.559140968589704e-06
9.068374135692803,0.9999434544757606,5.559140968589704e-06
9.129939228536635,0.9999506951111999,5.559140968589704e-06
9.185474358663518,0.9999649025829014,5.559140968589704e-06
9.221053724501772,1.0000023614361435,5.559140968589704e-06
9.24245474018545,0.9999949075530239,5.559140968589704e-06
9.308283483186605,1.0000057898304024,5.559140968589704e-06
9.338580726801545,1.000002706395903,5.559140968589704e-06
9.377630866974913,0.9999970608215699,5.559140968589704e-06
9.409924571204828,1.0000017795128364,5.559140968589704e-06
9.453914179098176,1.0000081619270489,5.559140968589704e-06
9.475362566732842,1.0000086964335986,5.559140968589704e-06
9.544713293821905,1.0000150958601226,5.559140968589704e-06
9.56593761315538,0.9999950739561871,5.559140968589704e-06
9.632679109707219,1.0000075659121008,5.559140968589704e-06
9.674173603750194,1.0000078145185864,5.559140968589704e-06
9.70015114924502,0.9999998907959121,5.559140968589704e-06
9.739899373059815,0.999998917482605,5.559140968589704e-06
9.785811900992432,0.9999890585670536,5.559140968589704e-06
9.825558878844609,1.0000027395927682,5.559140968589704e-06
9.868607210073732,1.00000783821915,5.559140968589704e-06
9.917003061308648,1.000001513331769,5.559140968589704e-06
9.941934354683587,0.9999966714014641,5.559140968589704e-06
9.981399917761667,1.0000073710263084,5.559140968589704e-06
10.031320190598917,1.000003915805321,5.559140968589704e-06
10.08817866899139,0.9999939843616493,5.559140968589704e-06
10.106799457115608,0.9999989017673434,5.559140968589704e-06
10.162272358019779,1.0000020586002654,5.559140968589704e-06
10.178425997016273,0.9999969640308658,5.559140968589704e-06
10.251443214038506,0.9999988268649496,5.559140968589704e-06
10.287364190620847,0.9999875567113126,5.559140968589704e-06
10.326879666913012,1.0000020410412924,5.559140968589704e-06
10.352833747254042,0.9999976527472216,5.559140968589704e-06
10.405297098728955,0.9999920873341513,5.559140968589704e-06
10.441508115115418,0.9999961225104632,5.559140968589704e-06
10.491802480392778,0.99999738149254,5.559140968589704e-06
10.515502809652112,0.999999885645373,5.559140968589704e-06
10.546674822315602,0.9999977764032943,5.559140968589704e-06
10.591359727003304,0.9999925519872584,5.559140968589704e-06
10.635267081420112,1.0000067309799598,5.559140968589704e-06
10.667330707707103,1.0000011822985388,5.559140968589704e-06
10.72261137447846,1.0000006351061435,5.559140968589704e-06
10.752768999833163,0.9999981933415388,5.559140968589704e-06
10.797011206270232,1.0000095153033133,5.559140968589704e-06
10.858892434499815,0.9999988274283829,5.559140968589704e-06
10.899246171241403,0.9999938622131447,5.559140968589704e-06
10.913819642478163,0.9999937759190469,5.559140968589704e-06
10.951574045227852,1.0000020262847233,5.559140968589704e-06
11.010671211748233,0.9999952775137765,5.559140968589704e-06
11.035746984998374,1.000002304916856,5.559140968589704e-06
11.08555248535801,0.9999980472750559,5.559140968589704e-06
11.13503552959566,0.9999993442932326,5.559140968589704e-06
11.17043147223406,0.9999945787323093,5.559140968589704e-06
11.206030017566539,0.9999994771247985,5.559140968589704e-06
11.245985818085265,1.0000036412418547,5.559140968589704e-06
11.311953466801711,0.999993476760234,5.559140968589704e-06
11.326615319114193,0.9999936955473112,5.559140968589704e-06
11.360500047511861,0.9999997156144832,5.559140968589704e-06
11.425884274908856,0.9999957865411654,5.559140968589704e-06
11.457416570630944,0.999992015410456,5.559140968589704e-06
11.509496234494126,0.9999911405170194,5.559140968589704e-06
11.55250350677228,0.9999992385653432,5.559140968589704e-06
11.594726939962777,1.0000000601897479,5.559140968589704e-06
11.643539081786166,1.0000064403156084,5.559140968589704e-06
11.663017572241626,1.0000097322015313,5.559140968589704e-06
11.705044807194684,1.0000021816771083,5.559140968589704e-06
11.727925368135653,1.0000041706313245,5.559140968589704e-06
11.779264703154174,1.0000023300540952,5.559140968589704e-06
11.832430572989873,0.9999996648361623,5.559140968589704e-06
11.855782793571187,1.0000018244334508,5.559140968589704e-06
11.928596323682811,1.0000003329613263,5.559140968589704e-06
11.942018980788829,1.0000004934779136,5.559140968589704e-06
12.007537853486594,1.0000068126645534,5.559140968589704e-06
12.027016382151212,1.000013658186128,5.559140968589704e-06
12.066438753310457,1.0000036055981725,5.559140968589704e-06
12.11492235018699,0.9999979454120519,5.559140968589704e-06
12.162799814535683,1.0000031118593231,5.559140968589704e-06
12.21653118535442,1.0000008554809796,5.559140968589704e-06
12.232370646645037,0.9999908076471518,5.559140968589704e-06
12.273539995028125,1.0000051483458339,5.559140968589704e-06
12.312649182337843,0.9999865418667464,5.559140968589704e-06
12.34212871803741,0.9999982315713749,5.559140968589704e-06
12.39386116375894,0.999990282685466,5.559140968589704e-06
12.462069525247575,0.999989527036821,5.559140968589704e-06
12.489094819783334,0.9999977383648472,5.559140968589704e-06
12.504667528160669,1.0000019930260284,5.559140968589704e-06
12.55038174949311,1.0000036312261467,5.559140968589704e-06
12.593887332205172,0.9999953232044162,5.559140968589704e-06
12.639384128255108,1.0000071463299378,5.559140968589704e-06
12.673273828354175,0.9999967809142007,5.559140968589704e-06
12.743166915786798,1.000005981699121,5.559140968589704e-06
12.777568562416636,1.000001402033472,5.559140968589704e-06
12.826972335472137,1.000000602242307,5.559140968589704e-06
12.83151200067652,1.000005054287116,5.559140968589704e-06
12.871612847034303,1.0000060710001817,5.559140968589704e-06
12.931254805884965,1.0000127295516479,5.559140968589704e-06
12.984745826769167,0.9999888666376016,5.559140968589704e-06
12.997944650109961,0.9999954353722302,5.559140968589704e-06
13.037731866047652,0.9999977520201738,5.559140968589704e-06
13.099224669346524,0.999994132820024,5.559140968589704e-06
13.140787656288811,1.0000127039726492,5.559140968589704e-06
13.191420139905787,1.0000068273425602,5.559140968589704e-06
13.201225892408841,0.9999943460603721,5.559140968589704e-06
13.2492364404114,0.9999906905770368,5.559140968589704e-06
13.30879429576343,0.9999915306036217,5.559140968589704e-06
13.323453243166275,1.000003454597978,5.559140968589704e-06
13.385426443316375,0.9999973076202007,5.559140968589704e-06
13.428162558553211,0.9999985528392474,5.559140968589704e-06
13.451548444933417,0.9999950196525416,5.559140968589704e-06
13.517774583940563,0.9999541470392032,5.559140968589704e-06
13.553574636665173,0.9999444904640178,5.559140968589704e-06
13.568518900063093,0.9999467839068542,5.559140968589704e-06
13.619691964197186,0.9999595401277717,5.559140968589704e-06
13.670547190951506,0.9999500349410724,5.559140968589704e-06
13.70174667689978,0.9999516134913228,5.559140968589704e-06
13.750739412126556,0.9999601334383998,5.559140968589704e-06
13.801985320531347,1.0000032833794406,5.559140968589704e-06
13.836882372319332,1.000002453409393,5.559140968589704e-06
13.877539886267606,0.9999895833611988,5.559140968589704e-06
13.924007804783667,1.0000010610824919,5.559140968589704e-06
13.945183469244872,0.9999990210377813,5.559140968589704e-06
13.99757287496987,1.0000052132352444,5.559140968589704e-06
14.018927692595945,1.0000039426485137,5.559140968589704e-06
14.095645791648263,1.0000082347142807,5.559140968589704e-06
14.100959238025721,0.9999990592284811,5.559140968589704e-06
14.159734768255591,0.9999929671497348,5.559140968589704e-06
14.208530978946921,0.9999911449706191,5.559140968589704e-06
14.236106406504183,1.0000013797713032,5.559140968589704e-06
14.26920117360798,1.000001036160903,5.559140968589704e-06
14.339695167404951,0.9999957654826471,5.559140968589704e-06
14.38232560477368,0.9999999663537654,5.559140968589704e-06
14.3936062225912,0.99998986243377,5.559140968589704e-06
14.44461733527627,0.9999963775179722,5.559140968589704e-06
14.508257335309379,1.0000009360127202,5.559140968589704e-06
14.523712942690734,0.9999975460970786,5.559140968589704e-06
14.558803269650191,0.9999928919085257,5.559140968589704e-06
14.618952476566895,0.9999928402264054,5.559140968589704e-06
14.644688678533385,1.0000037258560863,5.559140968589704e-06
14.690082498573332,0.9999980762742237,5.559140968589704e-06
14.73836334619799,0.9999971432220621,5.559140968589704e-06
14.760683047828781,0.9999973497396121,5.559140968589704e-06
14.826257779835595,1.0000045325190705,5.559140968589704e-06
14.839030823812124,1.0000070399334622,5.559140968589704e-06
14.906139348170814,1.000003771425214,5.559140968589704e-06
14.923317240035642,0.9999953516751223,5.559140968589704e-06
14.980255349972621,0.9999969754734868,5.559140968589704e-06
15.00608449106057,1.0000098508971724,5.559140968589704e-06
15.065234979155148,1.0000029803507564,5.559140968589704e-06
15.101542557258114,0.9999957167423843,5.559140968589704e-06
15.13728331506719,1.0000062945763948,5.559140968589704e-06
15.167331433736026,1.0000053343744009,5.559140968589704e-06
15.211430756792915,0.9999591335302035,5.559140968589704e-06
15.259636081517467,0.9999502333046023,5.559140968589704e-06
15.293451559917528,0.9999512985284839,5.559140968589704e-06
15.33440488242391,0.9999490405999765,5.559140968589704e-06
15.369999691559435,0.999944280732318,5.559140968589704e-06
15.41268155155911,0.9999619811300794,5.559140968589704e-06
15.454130180536067,0.9999636255657056,5.559140968589704e-06
15.495313725325548,0.9999582802365226,5.559140968589704e-06
15.567015244272177,0.9999974518853251,5.559140968589704e-06
15.5989827493655,0.9999992546500247,5.559140968589704e-06
15.633769196280232,1.000003780797941,5.559140968589704e-06
15.683501959367858,0.9999934225674437,5.559140968589704e-06
15.696158896796058,0.9999968560899388,5.559140968589704e-06
15.7714111922826,0.9999917324370182,5.559140968589704e-06
15.799126179265166,0.9999997880682958,5.559140968589704e-06
15.853636287102935,0.9999998225651822,5.559140968589704e-06
15.866512018230408,1.0000033797339873,5.559140968589704e-06
15.938547377918761,1.0000011564515159,5.559140968589704e-06
15.94915192266763,1.0000005824358826,5.559140968589704e-06
15.984282127066006,0.9999932710284238,5.559140968589704e-06
16.035193898037274,0.9999988522443747,5.559140968589704e-06
16.086795084363605,0.9999967581613045,5.559140968589704e-06
16.120336768536855,0.9999922332717968,5.559140968589704e-06
16.172939313895437,1.0000121938222384,5.559140968589704e-06
16.200781984923807,0.9999987721526216,5.559140968589704e-06
16.236547189260737,0.9999934791439337,5.559140968589704e-06
16.30520125510597,0.9999981779403142,5.559140968589704e-06
16.34081036417732,1.0000013895028994,5.559140968589704e-06
16.359464551063823,1.000000108852532,5.559140968589704e-06
16.410565505631006,1.0000023864600027,5.559140968589704e-06
16.46679164769202,1.0000011568669152,5.559140968589704e-06
16.491345786856005,1.000001656023297,5.559140968589704e-06
16.54510974120822,0.9999972924966268,5.559140968589704e-06
16.582022055028588,0.9999986991649484,5.559140968589704e-06
16.623915824588885,1.0000053408732155,5.559140968589704e-06
16.638286841619788,0.9999965699864531,5.559140968589704e-06
16.679160642297,0.999994576169115,5.559140968589704e-06
16.75386906545908,0.9999895347018758,5.559140968589704e-06
16.76175439506296,0.9999986409525065,5.559140968589704e-06
16.81057365038184,1.0000015081190916,5.559140968589704e-06
16.847058453142257,0.9999985948668516,5.559140968589704e-06
16.91910798702641,1.0000004780203835,5.559140968589704e-06
16.957226357394966,0.9999981357431433,5.559140968589704e-06
16.991999868861996,1.0000040584891803,5.559140968589704e-06
17.031585815740037,0.9999980907200345,5.559140968589704e-06
17.07947845015437,1.0000056560170445,5.559140968589704e-06
17.0926916120265,0.999995613562334,5.559140968589704e-06
17.1365051220974,1.0000083640263981,5.559140968589704e-06
17.192344703014758,0.9999949720547979,5.559140968589704e-06
17.241525189048307,1.000002460188177,5.559140968589704e-06
17.25463121937302,0.9999887059282779,5.559140968589704e-06
17.309567231434116,1.0000041439852927,5.559140968589704e-06
17.358664770534254,1.0000085285680496,5.559140968589704e-06
17.38583528493743,0.9999982295645446,5.559140968589704e-06
17.4326695874921,0.9999976974090178,5.559140968589704e-06
17.464046896842962,1.0000046451757736,5.559140968589704e-06
17.528580672514142,1.0000033275691136,5.559140968589704e-06
17.54786086110052,1.000001438002833,5.559140968589704e-06
17.614935190791144,1.0000000675160896,5.559140968589704e-06
17.64279918887836,0.9999953859061743,5.559140968589704e-06
17.671763523977514,0.9999942845886592,5.559140968589704e-06
17.732963153485017,0.99999447911664,5.559140968589704e-06
17.776199763903016,0.999990356405866,5.559140968589704e-06
17.78481141557871,1.000003863167114,5.559140968589704e-06
17.840323925902045,0.9999952375053925,5.559140968589704e-06
17.872581488140646,1.000000542260355,5.559140968589704e-06
17.934707812379365,0.9999899792328104,5.559140968589704e-06
17.965189548968397,1.0000015049862812,5.559140968589704e-06
18.011190204876023,0.9999904483893167,5.559140968589704e-06
18.035146111636468,1.0000073765321915,5.559140968589704e-06
18.08343226973204,0.9999489778210205,5.559140968589704e-06
18.14798149727069,0.9999422339282152,5.559140968589704e-06
18.166559917844793,0.9999460641618823,5.559140968589704e-06
18.20230079223363,0.9999447526532615,5.559140968589704e-06
18.247098451263792,0.9999465515148812,5.559140968589704e-06
18.312251103460028,0.9999540974441522,5.559140968589704e-06
18.35349415420636,1.0000032371047562,5.559140968589704e-06
18.379670573392616,1.000003104073988,5.559140968589704e-06
18.402638431798668,0.9999941092750282,5.559140968589704e-06
18.441683812007916,1.0000046924621235,5.559140968589704e-06
18.481171803797444,0.9999986404195507,5.559140968589704e-06
18.520935366972445,1.0000023252797483,5.559140968589704e-06
18.600177138020825,0.9999916777924949,5.559140968589704e-06
18.63330545754073,1.0000059777042094,5.559140968589704e-06
18.679332310238816,1.0000076478131177,5.559140968589704e-06
18.700183013591488,0.9999973436009575,5.559140968589704e-06
18.73162984268669,0.9999987667867739,5.559140968589704e-06
18.7951165606509,0.9999967391077688,5.559140968589704e-06
18.82327409520745,1.0000027874942365,5.559140968589704e-06
18.879966300673253,0.9999963656418465,5.559140968589704e-06
18.89566789962412,0.9999944246347083,5.559140968589704e-06
18.960586102444374,1.000007942507579,5.559140968589704e-06
18.98951682467715,0.9999910712184845,5.559140968589704e-06
19.034033904704096,0.9999971058123439,5.559140968589704e-06
19.08480051790313,1.0000000717658117,5.559140968589704e-06
19.10569535702432,0.9999938895561594,5.559140968589704e-06
19.173658382901323,0.9999996448515032,5.559140968589704e-06
19.202363459382912,0.9999939998248328,5.559140968589704e-06
19.242786155672416,0.9999958701174015,5.559140968589704e-06
19.288166986258634,1.0000034088788698,5.559140968589704e-06
19.31176452640988,1.0000045462036977,5.559140968589704e-06
19.35944429256166,1.00000521522285,5.559140968589704e-06
19.405567990847203,1.00000167444405,5.559140968589704e-06
19.425055661000016,1.0000065529951188,5.559140968589704e-06
19.499241989191045,0.9999902074012177,5.559140968589704e-06
19.502463187505995,0.9999999825244893,5.559140968589704e-06
19.54749361283185,1.0000026146267627,5.559140968589704e-06
19.59850006699765,0.999995897551693,5.559140968589704e-06
19.637370213288808,0.9999944283387706,5.559140968589704e-06
19.68208429612421,1.0000003814498675,5.559140968589704e-06
19.70859139647658,0.9999963900747787,5.559140968589704e-06
19.755385498096217,0.9999982767828035,5.559140968589704e-06
19.824721831383474,0.9999986862846849,5.559140968589704e-06
19.856225885751314,0.9999972548672267,5.559140968589704e-06
19.877006569294004,0.9999933887523009,5.559140968589704e-06
19.942872082292403,1.0000080777846783,5.559140968589704e-06
19.958962059989446,1.0000062531088496,5.559140968589704e-06
20.031334213203912,1.0000074230713407,5.559140968589704e-06
20.04469188026888,1.0000027511621579,5.559140968589704e-06
20.097939314566574,0.9999935392111433,5.559140968589704e-06
20.139017550525576,0.9999934535342629,5.559140968589704e-06
20.157083809827533,1.0000028096252835,5.559140968589704e-06
20.220928356838773,0.9999998322783361,5.559140968589704e-06
20.275280441968363,1.000002517871146,5.559140968589704e-06
20.29583474461621,1.0000088754093344,5.559140968589704e-06
20.33716732621561,0.9999964983904897,5.559140968589704e-06
20.395077949438374,0.9999908013256482,5.559140968589704e-06
20.419980929270633,0.9999998296339192,5.559140968589704e-06
20.44704024777177,0.9999982083236911,5.559140968589704e-06
20.49110464794021,1.0000021826300658,5.559140968589704e-06
20.559704265336887,0.9999967087963543,5.559140968589704e-06
20.595238028685063,0.9999931475266876,5.559140968589704e-06
20.633399052039472,1.0000028315459633,5.559140968589704e-06
20.686359751623762,0.9999943329597841,5.559140968589704e-06
20.689663107662955,0.9999974953446238,5.559140968589704e-06
20.73715442958867,1.0000013369843546,5.559140968589704e-06
20.804251966785905,0.9999963796892506,5.559140968589704e-06
20.816200701424904,0.9999994029630349,5.559140968589704e-06
20.886307369818333,1.0000027501905442,5.559140968589704e-06
20.905309443540467,1.0000015478107849,5.559140968589704e-06
20.965528542391976,1.0000072588979703,5.559140968589704e-06
21.00799023755086,1.000002151995067,5.559140968589704e-06
21.05213287104491,1.0000014042827405,5.559140968589704e-06
21.0797859466823,1.0000052085573963,5.559140968589704e-06
21.11880651030899,1.0000110682027235,5.559140968589704e-06
21.14291349226852,0.9999949739669229,5.559140968589704e-06
21.20010800168691,1.0000005433506984,5.559140968589704e-06
21.25514823517132,0.9999967724516615,5.559140968589704e-06
21.278569010739457,0.9999990440470271,5.559140968589704e-06
21.32237255206818,1.000001114737257,5.559140968589704e-06
21.3443186248329,0.999995362337571,5.559140968589704e-06
21.39570106337326,0.9999933401571364,5.559140968589704e-06
21.435162294418657,0.9999997431307909,5.559140968589704e-06
21.479973944570826,1.0000019209089932,5.559140968589704e-06
21.533308407338314,1.0000008913413576,5.559140968589704e-06
21.559353038783865,1.0000052774906485,5.559140968589704e-06
21.613681789831823,0.9999956131399707,5.559140968589704e-06
21.65507349453692,0.9999946577206906,5.559140968589704e-06
21.688730143638182,0.9999998103857378,5.559140968589704e-06
21.74886472424367,0.9999930350444707,5.559140968589704e-06
21.784258199575696,0.9999984206662665,5.559140968589704e-06
21.831796083085177,0.9999967261807989,5.559140968589704e-06
21.8391330201355,0.9999965752354674,5.559140968589704e-06
21.88432487426705,0.9999944608056148,5.559140968589704e-06
21.943477449456136,0.999999032622048,5.559140968589704e-06
21.9795238290995,1.000000555810861,5.559140968589704e-06
22.013057887050294,1.0000009537750232,5.559140968589704e-06
22.051462328072073,0.9999963865269541,5.559140968589704e-06
22.0821141817603,1.0000017946511566,5.559140968589704e-06
22.12156160646567,0.9999991254169612,5.559140968589704e-06
22.171831908383805,0.9999958475216968,5.559140968589704e-06
22.23949103224465,0.9999988373819324,5.559140968589704e-06
22.27559250005006,0.9999882980170556,5.559140968589704e-06
22.294523529635825,1.0000009682501376,5.559140968589704e-06
22.343727563313813,1.00000041162329,5.559140968589704e-06
22.40313510161758,0.9999957981173118,5.559140968589704e-06
22.430743029487484,1.0000028530544665,5.559140968589704e-06
22.474078785118557,1.0000028594763328,5.559140968589704e-06
22.50961561872767,1.000001969875558,5.559140968589704e-06
22.56364519859153,1.0000146983014675,5.559140968589704e-06
22.58957338347954,1.0000021606670442,5.559140968589704e-06
22.634344634249864,0.9999711870991724,5.559140968589704e-06
22.68567142337476,0.9999492285599096,5.559140968589704e-06
22.72473694716044,0.9999434886770215,5.559140968589704e-06
22.76519451267967,0.9999468224298476,5.559140968589704e-06
22.802757571458933,0.9999466610638207,5.559140968589704e-06
22.824034154145316,0.9999488044647915,5.559140968589704e-06
22.874840961517155,0.9999736978164268,5.559140968589704e-06
22.911244355910778,0.9999884534085898,5.559140968589704e-06
22.975425523077476,0.9999950939993383,5.559140968589704e-06
22.98775979927307,0.9999871135661658,5.559140968589704e-06
23.031673445140445,0.9999944128788503,5.559140968589704e-06
23.071538616099854,1.0000018921040443,5.559140968589704e-06
23.13400532301555,0.9999974068476329,5.559140968589704e-06
23.148676121861424,1.0000015264025295,5.559140968589704e-06
23.187217095802648,0.999994838357054,5.559140968589704e-06
23.26558165208539,0.9999951592490844,5.559140968589704e-06
23.305890250797496,1.0000080322067053,5.559140968589704e-06
23.325770340844034,0.9999988070968594,5.559140968589704e-06
23.38300313751775,0.9999943810593354,5.559140968589704e-06
23.408264719369583,0.9999954493171759,5.559140968589704e-06
23.459604029307688,1.0000019584468463,5.559140968589704e-06
23.487990019697467,1.0000085971495445,5.559140968589704e-06
23.526068918047052,1.0000017308586997,5.559140968589704e-06
23.587385298613768,1.0000047810802655,5.559140968589704e-06
23.618784066839993,1.0000085139684538,5.559140968589704e-06
23.63539909984515,1.0000006122429828,5.559140968589704e-06
23.700624125200374,1.0000017331065494,5.559140968589704e-06
23.725448241291186,0.9999971419671169,5.559140968589704e-06
23.777067649918283,0.9999996452258979,5.559140968589704e-06
23.83832067945283,1.0000107898373223,5.559140968589704e-06
23.863441073583175,1.0000041497874508,5.559140968589704e-06
23.900332262237615,1.000001125510565,5.559140968589704e-06
23.93966875916128,0.999994157151109,5.559140968589704e-06
23.98697351897899,1.0000011816357832,5.559140968589704e-06
24.0065639479718,1.0000038738233732,5.559140968589704e-06
24.06897501758846,0.9999957549475724,5.559140968589704e-06
24.11444226479236,1.0000005448590352,5.559140968589704e-06
24.14188582551684,0.9999959313587903,5.559140968589704e-06
24.17779861847966,1.0000016761268617,5.559140968589704e-06
24.218374422955392,1.0000081824898726,5.559140968589704e-06
24.25788153861455,0.999999637260538,5.559140968589704e-06
24.330438826317536,0.9999871953764966,5.559140968589704e-06
24.343571840154727,1.0000062960998228,5.559140968589704e-06
24.398200547182324,0.9999977127977061,5.559140968589704e-06
24.43181022364813,1.000002005307208,5.559140968589704e-06
24.465406842561794,1.0000003762484122,5.559140968589704e-06
24.535313606377557,0.9999953111496727,5.559140968589704e-06
24.550223923404655,1.0000078667438916,5.559140968589704e-06
24.598343776058385,0.999995702359634,5.559140968589704e-06
24.63458756223752,0.9999952135226706,5.559140968589704e-06
24.664106312165636,0.9999919239669492,5.559140968589704e-06
24.720544887275892,0.9999896148645417,5.559140968589704e-06
24.76371226263387,0.9999978353294562,5.559140968589704e-06
24.815412321124512,0.9999865816480746,5.559140968589704e-06
24.826424520736687,1.0000028327427608,5.559140968589704e-06
24.901874352976883,1.0000027273679628,5.559140968589704e-06
24.90640661169089,1.000005588013236,5.559140968589704e-06
24.96422004597047,0.9999973129068774,5.559140968589704e-06
24.993635990591613,1.000014260065419,5.559140968589704e-06
25.040323356901883,1.0000002006711821,5.559140968589704e-06
25.07751481862974,1.0000042710830512,5.559140968589704e-06
25.117103608571796,0.9999913043921658,5.559140968589704e-06
25.164571327704515,1.0000040665425485,5.559140968589704e-06
25.227607679470896,1.000001907319148,5.559140968589704e-06
25.243847650491368,0.9999923711912754,5.559140968589704e-06
25.312211495954223,0.9999961347024743,5.559140968589704e-06
25.32910961858019,0.9999958124375691,5.559140968589704e-06
25.394293458871708,1.0000020726027652,5.559140968589704e-06
25.39782657255279,1.0000022480691821,5.559140968589704e-06
25.47320382836734,0.9999977406934185,5.559140968589704e-06
25.503728274712774,1.0000080966245295,5.559140968589704e-06
25.519790657056618,0.9999973286921279,5.559140968589704e-06
25.560894878408668,1.0000060003472746,5.559140968589704e-06
25.637890121857737,0.9999616062872488,5.559140968589704e-06
25.643174273029214,0.9999488025221109,5.559140968589704e-06
25.721710016558134,0.99995397170681,5.559140968589704e-06
25.760513080955167,0.9999512498535365,5.559140968589704e-06
25.778077661983655,0.9999615117880236,5.559140968589704e-06
25.83262510681125,0.9999451455915636,5.559140968589704e-06
25.876708940458016,0.9999556908925419,5.559140968589704e-06
25.92227174720011,0.9999991769142499,5.559140968589704e-06
25.95850997174378,1.0000002725853532,5.559140968589704e-06
25.99290506624613,1.0000047087934218,5.559140968589704e-06
26.02620229767918,1.0000025507038204,5.559140968589704e-06
26.068263628084935,1.000006367997315,5.559140968589704e-06
26.10048451476398,1.0000002968996813,5.559140968589704e-06
26.1708632198478,0.9999962413637676,5.559140968589704e-06
26.211971164630928,0.9999991172368874,5.559140968589704e-06
26.238009595113496,0.9999943481352146,5.559140968589704e-06
26.26342536606797,0.99999373262264,5.559140968589704e-06
26.299084533984608,0.9999968825035878,5.559140968589704e-06
26.36492694976448,1.0000050443429789,5.559140968589704e-06
26.38527164503309,0.9999993637564157,5.559140968589704e-06
26.432283981790057,0.999993376280297,5.559140968589704e-06
26.459844552853237,1.0000029792502487,5.559140968589704e-06
26.531365347791162,1.0000026222110738,5.559140968589704e-06
26.578960729237266,0.9999997893079172,5.559140968589704e-06
26.59390979789017,0.9999945750405408,5.559140968589704e-06
26.63841163615494,1.0000036925564164,5.559140968589704e-06
26.694985456502266,0.9999951814199773,5.559140968589704e-06
26.74251084682559,0.9999949926625245,5.559140968589704e-06
26.780785142108186,0.9999919398753785,5.559140968589704e-06
26.793152090063654,0.9999983161010789,5.559140968589704e-06
26.849988224250506,1.000008278852312,5.559140968589704e-06
26.86927238572074,1.000001931732406,5.559140968589704e-06
26.948748076545918,1.0000019389960462,5.559140968589704e-06
26.990081038394425,1.0000090223075888,5.559140968589704e-06
27.03006028114879,0.999995908027378,5.559140968589704e-06
27.032444230267117,0.9999994899657932,5.559140968589704e-06
27.077159523749245,0.9999951140466793,5.559140968589704e-06
27.143589361037854,1.000002611567182,5.559140968589704e-06
27.162929549605025,1.0000041603911822,5.559140968589704e-06
27.229814075280803,0.9999441113011193,5.559140968589704e-06
27.263964043147563,0.999942037049851,5.559140968589704e-06
27.27823475108154,0.9999442889179282,5.559140968589704e-06
27.359123618769082,0.9999440902347423,5.559140968589704e-06
27.393386640159502,0.99995338504986,5.559140968589704e-06
27.40757063846617,0.9999513623710711,5.559140968589704e-06
27.475151926555206,1.000001079117159,5.559140968589704e-06
27.50743746147714,0.9999986240197537,5.559140968589704e-06
27.551277448659977,0.9999958260605454,5.559140968589704e-06
27.594520458045555,0.9999881560286344,5.559140968589704e-06
27.61852085132784,1.000013567138238,5.559140968589704e-06
27.650746958626986,1.0000044210941423,5.559140968589704e-06
27.70773892068403,0.9999916075858394,5.559140968589704e-06
27.75889725625531,0.9999953526729904,5.559140968589704e-06
27.797820707459348,0.9999934921114435,5.559140968589704e-06
27.821980638799698,0.9999964270477691,5.559140968589704e-06
27.862760285813124,0.9999967779805613,5.559140968589704e-06
27.928938980051395,1.0000047141439254,5.559140968589704e-06
27.953367136621523,0.9999889974470845,5.559140968589704e-06
27.99774485921148,0.9999978271656067,5.559140968589704e-06
28.03602515183768,0.9999958840886299,5.559140968589704e-06
28.072666705479083,0.9999967355439411,5.559140968589704e-06
28.121478526017317,1.0000078541484663,5.559140968589704e-06
28.157242186461225,0.9999989928817501,5.559140968589704e-06
28.204061983684156,1.0000036195562785,5.559140968589704e-06
28.239642888702175,0.9999939600502781,5.559140968589704e-06
28.273483422643086,1.0000063406857849,5.559140968589704e-06
28.336849827887043,1.0000057685280856,5.559140968589704e-06
28.359853707513107,0.9999969475857687,5.559140968589704e-06
28.412771324309766,1.0000093532098628,5.559140968589704e-06
28.43676167929286,0.9999974435179274,5.559140968589704e-06
28.47236695581783,0.9999952987749472,5.559140968589704e-06
28.515317489657626,0.9999857970740372,5.559140968589704e-06
28.57055262302772,1.0000071465177982,5.559140968589704e-06
28.593721902402294,0.99999433667954,5.559140968589704e-06
28.63309575809168,1.0000042535610867,5.559140968589704e-06
28.687064778147676,1.0000021516168285,5.559140968589704e-06
28.71151292542712,1.000010837611456,5.559140968589704e-06
28.75662040815128,0.9999993048512326,5.559140968589704e-06
28.794086228561696,0.9999991698615031,5.559140968589704e-06
28.83819044816697,1.0000138289110179,5.559140968589704e-06
28.89684713003743,1.0000078275465818,5.559140968589704e-06
28.929582133167713,0.9999989484101425,5.559140968589704e-06
28.992511491781386,0.9999987934028225,5.559140968589704e-06
28.997550146456813,0.9999923228872674,5.559140968589704e-06
29.037571275326574,0.9999873081221479,5.559140968589704e-06
29.086557438418744,1.0000055617281915,5.559140968589704e-06
29.146278482598685,0.9999945926000194,5.559140968589704e-06
29.170169719100908,1.000000384063659,5.559140968589704e-06
29.226616622022366,0.9999979672171067,5.559140968589704e-06
29.243391772239146,0.9999966971866673,5.559140968589704e-06
29.31006199386657,0.9999974744719792,5.559140968589704e-06
29.352347276711676,1.000006233556744,5.559140968589704e-06
29.383813989599304,1.0000030603231636,5.559140968589704e-06
29.417001891997003,1.0000036091178706,5.559140968589704e-06
29.447818139004674,0.9999996512598995,5.559140968589704e-06
29.50605367037843,0.9999963812090671,5.559140968589704e-06
29.564146822254347,1.000007004427037,5.559140968589704e-06
29.57919066327857,0.9999946500985765,5.559140968589704e-06
29.613445046236926,0.9999931540813864,5.559140968589704e-06
29.65427710209686,1.0000046824964977,5.559140968589704e-06
29.713081400949488,1.0000081122931868,5.559140968589704e-06
29.76461227430704,1.0000108065744961,5.559140968589704e-06
29.802426571736788,1.0000029114923201,5.559140968589704e-06
29.836952901911943,0.999993006220862,5.559140968589704e-06
29.880705498129593,1.000004893332312,5.559140968589704e-06
29.93453606428211,1.0000118369824575,5.559140968589704e-06
29.938940607481655,1.0000029003652875,5.559140968589704e-06
30.01084444074359,0.9999994271202783,5.559140968589704e-06
30.056012735037775,1.0000015519447412,5.559140968589704e-06
30.065044955094383,1.0000043980825342,5.559140968589704e-06
30.105299380238506,1.0000084634289923,5.559140968589704e-06
30.180800344803032,0.9999973837777186,5.559140968589704e-06
30.19614164554654,0.9999992435493231,5.559140968589704e-06
30.234327848124018,0.9999913936950016,5.559140968589704e-06
30.288184761196476,1.0000042412248187,5.559140968589704e-06
30.320718796474992,0.9999937811009889,5.559140968589704e-06
30.36638636550359,1.000000847921037,5.559140968589704e-06
30.41818803579122,0.9999969607032714,5.559140968589704e-06
30.438023848245056,0.9999974475980696,5.559140968589704e-06
30.485067002197738,1.000002816880045,5.559140968589704e-06
30.519282475765696,1.000003586185432,5.559140968589704e-06
30.579965505655625,0.9999986598721905,5.559140968589704e-06
30.604706252270397,1.000002142114993,5.559140968589704e-06
30.65120099248689,1.0000016276141468,5.559140968589704e-06
30.68001125915739,1.0000037706918599,5.559140968589704e-06
30.727875076485414,0.9999986700423269,5.559140968589704e-06
30.779152201513483,1.0000022362264624,5.559140968589704e-06
30.833181079480877,0.9999910289359165,5.559140968589704e-06
30.86121037759106,0.9999966823140812,5.559140968589704e-06
30.882046604081967,0.9999998012626599,5.559140968589704e-06
30.952586099546103,0.9999993591238429,5.559140968589704e-06
30.96222228946646,0.9999950208359951,5.559140968589704e-06
31.02139151900941,0.9999949423542591,5.559140968589704e-06
31.07940753736381,0.9999962500777715,5.559140968589704e-06
31.100718388015654,1.0000027578019082,5.559140968589704e-06
31.144138217027248,0.9999990776293994,5.559140968589704e-06
31.16706026546955,0.9999972207692605,5.559140968589704e-06
31.22203317393632,0.9999953327191334,5.559140968589704e-06
31.260258502661724,1.0000029583709538,5.559140968589704e-06
31.313847070360588,0.9999941207514249,5.559140968589704e-06
31.366694098628287,0.9999962282743795,5.559140968589704e-06
31.39414096926187,1.0000014992587443,5.559140968589704e-06
31.428381333103978,0.9999961664994292,5.559140968589704e-06
31.473428753092378,0.9999962884874359,5.559140968589704e-06
31.521087056343863,1.0000015905891622,5.559140968589704e-06
31.546923784410687,1.000009134868272,5.559140968589704e-06
31.61153862858284,1.000002507693286,5.559140968589704e-06
31.648716545732377,1.0000135121134817,5.559140968589704e-06
31.68947870937634,1.0000059999198418,5.559140968589704e-06
31.722369247902698,0.9999918050978827,5.559140968589704e-06
31.77842566012796,0.9999478192602698,5.559140968589704e-06
31.78219325312945,0.9999471586074776,5.559140968589704e-06
31.854062023310277,0.9999514886135685,5.559140968589704e-06
31.896203203570618,0.999945815552642,5.559140968589704e-06
31.919448337085754,0.9999463803398115,5.559140968589704e-06
31.981555905053163,0.999948825514581,5.559140968589704e-06
31.994055963210762,0.9999520392113033,5.559140968589704e-06
32.045222713335804,1.0000065566187304,5.559140968589704e-06
32.06850615687016,1.0000065828010813,5.559140968589704e-06
32.14248560881214,1.0000011559505153,5.559140968589704e-06
32.17847044399586,0.999997617267224,5.559140968589704e-06
32.19476161032832,0.9999989287511687,5.559140968589704e-06
32.264445650282745,0.9999928731408418,5.559140968589704e-06
32.27562617084035,0.9999997070682862,5.559140968589704e-06
32.342534017973065,1.0000007987595885,5.559140968589704e-06
32.3547138590308,1.0000013874107354,5.559140968589704e-06
32.41577517392008,0.9999942373131852,5.559140968589704e-06
32.442092571212754,1.0000005471921596,5.559140968589704e-06
32.484898662250934,1.000011005677598,5.559140968589704e-06
32.5521305500661,1.0000009910365122,5.559140968589704e-06
32.56049778623232,1.0000086735139857,5.559140968589704e-06
32.61667021292313,0.9999980807204721,5.559140968589704e-06
32.66424107416995,0.9999989056397561,5.559140968589704e-06
32.71191197620091,1.000001412113091,5.559140968589704e-06
32.75304380865966,1.00000323192849,5.559140968589704e-06
32.76295442396695,0.9999958731653491,5.559140968589704e-06
32.83005716736146,1.0000030031078793,5.559140968589704e-06
32.85110923038375,0.9999955664897174,5.559140968589704e-06
32.92367008616134,1.0000006340243763,5.559140968589704e-06
32.93742346265303,1.0000010557382661,5.559140968589704e-06
32.976288643330356,0.9999878077362805,5.559140968589704e-06
33.03075540441393,1.000001791336514,5.559140968589704e-06
33.05213255111724,0.9999926990921946,5.559140968589704e-06
33.11457921590413,0.999994319492414,5.559140968589704e-06
33.14438327842558,1.0000021290568573,5.559140968589704e-06
33.17304942073626,1.0000023680862367,5.559140968589704e-06
33.215962554544014,0.9999995472506502,5.559140968589704e-06
33.27313346863708,1.000001807573625,5.559140968589704e-06
33.306807080680045,1.000001132274237,5.559140968589704e-06
33.36622689998065,0.9999946891036701,5.559140968589704e-06
33.379330851524834,0.9999946640671692,5.559140968589704e-06
33.44853122543542,0.9999977226965846,5.559140968589704e-06
33.491940421541614,1.0000068194532052,5.559140968589704e-06
33.506354740308595,1.0000014126471553,5.559140968589704e-06
33.563962655042545,0.9999999100455428,5.559140968589704e-06
33.59137032540216,1.0000021625159994,5.559140968589704e-06
33.64091871371858,0.9999860108777708,5.559140968589704e-06
33.69203667572761,0.999997938304047,5.559140968589704e-06
33.7318118209577,0.9999995953276504,5.559140968589704e-06
33.757233276967625,1.0000012175142559,5.559140968589704e-06
33.811361566045846,1.000006643758171,5.559140968589704e-06
33.83939439603028,0.999994077716758,5.559140968589704e-06
33.87152544658879,0.999992319759929,5.559140968589704e-06
33.943857946793806,0.999990106662316,5.559140968589704e-06
33.95091697198289,1.0000070680580568,5.559140968589704e-06
34.014370831277915,1.000006944126024,5.559140968589704e-06
34.066999978574515,0.999990716526741,5.559140968589704e-06
34.094935660944344,0.9999979590506818,5.559140968589704e-06
34.13007953746284,0.9999919249243091,5.559140968589704e-06
34.18440521946774,0.9999986477421233,5.559140968589704e-06
34.196103590115456,0.9999941691124767,5.559140968589704e-06
34.25889143147288,0.9999976931116202,5.559140968589704e-06
34.29855205725616,0.999995896507135,5.559140968589704e-06
34.33101251500306,0.9999936841366303,5.559140968589704e-06
34.364412090284894,1.0000042436759022,5.559140968589704e-06
34.432935100078744,1.000006131615913,5.559140968589704e-06
34.463029144492076,0.999993081711028,5.559140968589704e-06
34.49109760263951,0.9999991678579159,5.559140968589704e-06
34.55272229030902,1.0000018815259724,5.559140968589704e-06
34.57722039347747,0.9999951286637292,5.559140968589704e-06
34.60714341758471,1.000004460215236,5.559140968589704e-06
34.666928092385284,1.0000145295696194,5.559140968589704e-06
34.71855564550607,0.999997832482147,5.559140968589704e-06
34.74504492033308,1.0000059707791202,5.559140968589704e-06
34.80678878579628,1.000009607914703,5.559140968589704e-06
34.82658831056139,1.0000017180296135,5.559140968589704e-06
34.874219716152616,1.0000030066424699,5.559140968589704e-06
34.91401244209834,0.9999916083963545,5.559140968589704e-06
34.93404278489954,1.0000028232488787,5.559140968589704e-06
34.98049912736816,0.9999868867171773,5.559140968589704e-06
35.04936359988122,1.000004718463562,5.559140968589704e-06
35.08505248033842,0.9999985340586335,5.559140968589704e-06
35.100279229148406,0.999999756710577,5.559140968589704e-06
35.1570022206695,1.0000075730790325,5.559140968589704e-06
35.187379868960704,0.9999998510005312,5.559140968589704e-06
35.227929716429514,0.9999943284057087,5.559140968589704e-06
35.27478930294717,0.9999967456451925,5.559140968589704e-06
35.32550256308683,1.0000026557586865,5.559140968589704e-06
35.37145081493256,1.0000066168181663,5.559140968589704e-06
35.38226961608579,1.000002849163388,5.559140968589704e-06
35.43547470691322,0.9999983476324747,5.559140968589704e-06
35.46461593837842,0.9999966524961607,5.559140968589704e-06
35.50874166882842,0.9999962613112592,5.559140968589704e-06
35.56951281028774,0.9999997679902811,5.559140968589704e-06
35.590536882948115,1.0000048359593394,5.559140968589704e-06
35.656466936705286,1.000005934572607,5.559140968589704e-06
35.66832129960997,1.0000032909807481,5.559140968589704e-06
35.74547381320134,1.0000016954939086,5.559140968589704e-06
35.766371026666874,1.0000035599160981,5.559140968589704e-06
35.80850522209127,0.999994802082076,5.559140968589704e-06
35.860545173769935,1.0000039496663422,5.559140968589704e-06
35.890343317074255,1.0000092320976735,5.559140968589704e-06
35.91484180572986,0.9999861869412114,5.559140968589704e-06
35.96501663744858,0.9999580578910028,5.559140968589704e-06
35.99963781452308,0.9999478738975931,5.559140968589704e-06
36.053832006554515,0.9999545311961447,5.559140968589704e-06
36.10969982386642,0.9999572772069086,5.559140968589704e-06
36.157997333611206,0.9999445197648243,5.559140968589704e-06
36.17267647687531,0.9999401692871374,5.559140968589704e-06
36.240423362547666,0.9999519326791666,5.559140968589704e-06
36.24304246580417,0.9999546636727502,5.559140968589704e-06
36.28515460114276,0.9999665617492957,5.559140968589704e-06
36.34196546247336,0.9999527553665346,5.559140968589704e-06
36.38207174257392,0.9999433899324227,5.559140968589704e-06
36.43906893143607,0.9999353958992695,5.559140968589704e-06
36.4623829479807,0.999949108491082,5.559140968589704e-06
36.50087451687591,0.9999497683275604,5.559140968589704e-06
36.53713951618381,0.9999321134098413,5.559140968589704e-06
36.5987801106819,1.000010994068682,5.559140968589704e-06
36.64883820848825,0.9999944506782106,5.559140968589704e-06
36.684860715905465,0.9999881652104649,5.559140968589704e-06
36.72021695173754,0.9999881144163794,5.559140968589704e-06
36.74317708584503,0.9999915325987055,5.559140968589704e-06
36.81061150855083,0.9999920092962181,5.559140968589704e-06
36.846061425714424,0.9999924310455052,5.559140968589704e-06
36.85975138022694,0.9999972342107484,5.559140968589704e-06
36.90055537400946,1.0000010649472277,5.559140968589704e-06
36.94644415131582,1.0000077051376275,5.559140968589704e-06
36.983649334206675,1.0000038457166183,5.559140968589704e-06
37.02944821755948,1.0000002891603177,5.559140968589704e-06
37.067389399202106,1.000001237700504,5.559140968589704e-06
37.116877714800346,0.9999952634878411,5.559140968589704e-06
37.14322535081545,1.000003646946858,5.559140968589704e-06
37.19453670638081,0.999996961300614,5.559140968589704e-06
37.239324105277646,1.000000902031972,5.559140968589704e-06
37.27634601475911,0.999996993454405,5.559140968589704e-06
37.32732026963629,0.9999943053385216,5.559140968589704e-06
37.352875701862985,1.000001868446745,5.559140968589704e-06
37.38960404547796,0.9999977997548442,5.559140968589704e-06
37.4473598704388,1.0000138373996998,5.559140968589704e-06
37.485214209841054,1.0000030994093176,5.559140968589704e-06
37.52994636220377,0.9999959161472203,5.559140968589704e-06
37.57481372958534,1.0000075568798183,5.559140968589704e-06
37.61477395223211,0.9999992293887788,5.559140968589704e-06
37.644776470638085,1.0000093167938726,5.559140968589704e-06
37.676517777176954,1.0000020050060319,5.559140968589704e-06
37.7408404151527,0.9999963477585087,5.559140968589704e-06
37.75597718686545,0.9999947952765297,5.559140968589704e-06
37.836075996298256,0.9999915672101981,5.559140968589704e-06
37.839654827452996,0.9999993988403366,5.559140968589704e-06
37.88493183583391,0.9999963609154829,5.559140968589704e-06
37.9206001947062,0.9999869888205452,5.559140968589704e-06
37.971974923041124,0.9999981589986827,5.559140968589704e-06
38.00238529254433,1.0000123927541253,5.559140968589704e-06
38.05515053338304,0.9999968305697301,5.559140968589704e-06
38.09602503663783,1.0000049697155593,5.559140968589704e-06
38.13197658723954,0.9999933573020783,5.559140968589704e-06
38.17391350170494,0.9999989052965376,5.559140968589704e-06
38.22003612597558,1.0000101405117503,5.559140968589704e-06
38.2636193045475,1.0000049738349035,5.559140968589704e-06
38.32304486617209,1.0000030184436863,5.559140968589704e-06
38.36111313861232,0.9999971152794672,5.559140968589704e-06
38.371653064496314,1.0000059524291223,5.559140968589704e-06
38.42809785273105,1.0000028849349398,5.559140968589704e-06
38.484489330709195,1.0000005193836858,5.559140968589704e-06
38.52435994282262,1.0000029276230886,5.559140968589704e-06
38.54679380088328,1.000004546662676,5.559140968589704e-06
38.60240167151746,0.9999869110342644,5.559140968589704e-06
38.632687921057205,0.9999921166820266,5.559140968589704e-06
38.689779316103184,0.9999968588547722,5.559140968589704e-06
38.70109325978929,1.0000035429350567,5.559140968589704e-06
38.77424247270168,1.0000113385575264,5.559140968589704e-06
38.79005423746033,0.9999953833743106,5.559140968589704e-06
38.85700052132954,1.0000042872674684,5.559140968589704e-06
38.88046523454123,1.0000016446675286,5.559140968589704e-06
38.90572966669245,1.0000029853111414,5.559140968589704e-06
38.95242330766809,0.9999948948629473,5.559140968589704e-06
39.00307318380691,1.0000062034717196,5.559140968589704e-06
39.04184645378427,1.0000121891031744,5.559140968589704e-06
39.079358170313675,1.0000006018220808,5.559140968589704e-06
39.10926065515511,0.9999994370639785,5.559140968589704e-06
39.155454045530654,0.9999907538885323,5.559140968589704e-06
39.20001905298558,1.0000037119136753,5.559140968589704e-06
39.24860484107068,1.0000067870590221,5.559140968589704e-06
39.2900647011855,1.0000022774044541,5.559140968589704e-06
39.33857165654467,1.0000053634076127,5.559140968589704e-06
39.35199301632905,1.0000054205892848,5.559140968589704e-06
39.41922919700873,0.9999993347473266,5.559140968589704e-06
39.45456748471174,0.9999903042030058,5.559140968589704e-06
39.50975342204053,0.9999951472379021,5.559140968589704e-06
39.53926972853802,0.9999987128203919,5.559140968589704e-06
39.56997734957441,1.0000057753066205,5.559140968589704e-06
39.596770984069664,0.9999934007691785,5.559140968589704e-06
39.64446482384241,0.9999916908217004,5.559140968589704e-06
39.69636720312729,0.9999978654591705,5.559140968589704e-06
39.74059642347793,0.9999961237770849,5.559140968589704e-06
39.7739607071572,0.9999945922448583,5.559140968589704e-06
39.840061117473525,0.9999964861481206,5.559140968589704e-06
39.842689912646115,1.0000046911416791,5.559140968589704e-06
39.888034682838594,0.9999959587118321,5.559140968589704e-06
39.95886424071383,0.9999992079727952,5.559140968589704e-06
39.97747887419655,0.9999990397893493,5.559140968589704e-06
40.043230296487295,0.9999974065037438,5.559140968589704e-06
40.08697850608534,0.9999951751046231,5.559140968589704e-06
40.116306302606986,1.000007921146894,5.559140968589704e-06
40.12975297769469,1.000006041623906,5.559140968589704e-06
40.1824836936629,0.9999959370436869,5.559140968589704e-06
40.21336488370492,0.9999994623492123,5.559140968589704e-06
40.27082269443446,0.9999970762197803,5.559140968589704e-06
40.29521525962765,0.9999940984270457,5.559140968589704e-06
40.362775514592826,1.0000023547094288,5.559140968589704e-06
40.40270609237756,0.9999923197652566,5.559140968589704e-06
40.43697431585083,0.9999940811754195,5.559140968589704e-06
40.457948371799766,0.9999969036270672,5.559140968589704e-06
40.50505808606409,1.0000029645414488,5.559140968589704e-06
40.54392021972768,0.9999987531073421,5.559140968589704e-06
40.61244987642614,0.9999929696663373,5.559140968589704e-06
40.64653164303247,1.0000010800852963,5.559140968589704e-06
40.693924845514296,1.0000068894935874,5.559140968589704e-06
40.73278864777007,0.9999971105311244,5.559140968589704e-06
40.77735896774469,0.9999920047762542,5.559140968589704e-06
40.81076774659463,0.9999987399382425,5.559140968589704e-06
40.85615183586279,0.9999869632268406,5.559140968589704e-06
40.86671973608262,0.999996169420577,5.559140968589704e-06
40.932599995328786,0.9999353210025163,5.559140968589704e-06
40.98651612874721,0.9999390174172135,5.559140968589704e-06
41.01221782820077,0.9999484134604611,5.559140968589704e-06
41.03456078460286,0.9999551806974384,5.559140968589704e-06
41.09307930680425,0.9999368480559879,5.559140968589704e-06
41.12868417677317,0.9999451386762093,5.559140968589704e-06
41.1556833859126,0.9999959522607319,5.559140968589704e-06
41.23199774409079,1.0000008966335927,5.559140968589704e-06
41.24921221484842,1.0000047246919435,5.559140968589704e-06
41.303945681413886,0.9999929034996042,5.559140968589704e-06
41.34129561413805,0.9999986065029278,5.559140968589704e-06
41.36362406725664,0.9999961904903532,5.559140968589704e-06
41.3991633852281,0.999997541972444,5.559140968589704e-06
41.44446579039192,0.9999961224308271,5.559140968589704e-06
41.49851241572846,1.000001663857938,5.559140968589704e-06
41.55426762551169,1.000006131700609,5.559140968589704e-06
41.59322924989205,0.9999975392766928,5.559140968589704e-06
41.63529206386752,1.0000046949050354,5.559140968589704e-06
41.672575483870865,1.000000983274947,5.559140968589704e-06
41.720165487696704,1.0000039222326913,5.559140968589704e-06
41.762681722531,0.9999966114347276,5.559140968589704e-06
41.801324864172194,1.0000049676405864,5.559140968589704e-06
41.80674292637362,1.0000086215047659,5.559140968589704e-06
41.877623965824384,1.0000014066678684,5.559140968589704e-06
41.91974593949918,1.0000034967411742,5.559140968589704e-06
41.935894712041886,0.9999925970366926,5.559140968589704e-06
41.98683268708631,1.000002301195476,5.559140968589704e-06
42.02614563415332,0.999994194144329,5.559140968589704e-06
42.064092721057115,0.999994818887616,5.559140968589704e-06
42.113896590007705,1.000012108265816,5.559140968589704e-06
42.15248880049052,1.0000091708962715,5.559140968589704e-06
42.177715809828,1.0000008919258103,5.559140968589704e-06
42.235229742163355,0.999999562512824,5.559140968589704e-06
42.29440176387288,0.9999993234209713,5.559140968589704e-06
42.32175720541969,1.0000135341797785,5.559140968589704e-06
42.358669397374214,1.0000001976831032,5.559140968589704e-06
42.37987069003336,0.999990036871225,5.559140968589704e-06
42.450756973633595,0.9999998346161234,5.559140968589704e-06
42.494994306043075,1.0000056436230507,5.559140968589704e-06
42.51447857853244,0.9999916585729113,5.559140968589704e-06
42.5695735175136,1.000001335628299,5.559140968589704e-06
42.594006012341275,1.0000009286326115,5.559140968589704e-06
42.64144820078037,1.0000032593248118,5.559140968589704e-06
42.688313910430615,1.0000037576200898,5.559140968589704e-06
42.733925754740945,1.0000030306670311,5.559140968589704e-06
42.74980989019672,1.000008557350985,5.559140968589704e-06
42.80726815416415,1.0000052305727563,5.559140968589704e-06
42.83372032587355,1.0000060941034332,5.559140968589704e-06
42.88592266750402,0.9999968772216015,5.559140968589704e-06
42.94169097116708,1.0000008432529617,5.559140968589704e-06
42.958261525003294,0.9999846327137104,5.559140968589704e-06
42.99610730715644,0.999999322964272,5.559140968589704e-06
43.03678391087115,0.9999892045500464,5.559140968589704e-06
43.09364604926154,0.9999953449114342,5.559140968589704e-06
43.155727857122116,1.000003817503345,5.559140968589704e-06
43.19618366812257,0.9999992195558212,5.559140968589704e-06
43.22869076825963,0.9999922885589418,5.559140968589704e-06
43.26281461975464,0.9999965592977564,5.559140968589704e-06
43.29629970935387,0.9999955922534522,5.559140968589704e-06
43.35769774980095,0.999998514165807,5.559140968589704e-06
43.39926029297165,0.9999899760694823,5.559140968589704e-06
43.41210074142048,0.9999990197877965,5.559140968589704e-06
43.45818262894479,0.9999930708748873,5.559140968589704e-06
43.51893863696474,0.9999941023884555,5.559140968589704e-06
43.559365141582624,0.9999941341188985,5.559140968589704e-06
43.56688933502702,0.9999984107366375,5.559140968589704e-06
43.61856727604054,1.0000007479287811,5.559140968589704e-06
43.68815403210635,0.9999990413358044,5.559140968589704e-06
43.71574195119525,0.9999926935864878,5.559140968589704e-06
43.75950618101169,0.9999958746975344,5.559140968589704e-06
43.78385890824627,1.0000031579918849,5.559140968589704e-06
43.81204748768998,0.9999948469059519,5.559140968589704e-06
43.88672499475962,0.9999986611807452,5.559140968589704e-06
43.93010343861484,1.0000097629939346,5.559140968589704e-06
43.970981221409964,0.9999875305026423,5.559140968589704e-06
43.99415885750456,0.9999987305952358,5.559140968589704e-06
44.047789828174174,1.000008178040473,5.559140968589704e-06
44.095171031667384,0.9999942662981532,5.559140968589704e-06
44.11606527034985,1.0000011603828145,5.559140968589704e-06
44.159684194917254,0.9999963025483295,5.559140968589704e-06
44.19010206957339,1.0000185082407689,5.559140968589704e-06
44.23588701832208,0.9999919271174436,5.559140968589704e-06
44.29398385948304,1.00000708879926,5.559140968589704e-06
44.317200151370976,0.999993727438027,5.559140968589704e-06
44.36773873443356,0.9999978287806739,5.559140968589704e-06
44.388883385260804,1.0000101024214583,5.559140968589704e-06
44.45148806773147,1.000002763996906,5.559140968589704e-06
44.49940108662362,1.0000012526579096,5.559140968589704e-06
44.52504606928917,1.000001477069392,5.559140968589704e-06
44.576463242847204,1.0000059718526786,5.559140968589704e-06
44.61813049187962,1.000000966215359,5.559140968589704e-06
44.63792707164443,0.9999992042492218,5.559140968589704e-06
44.704885583863174,0.9999918422043761,5.559140968589704e-06
44.71247937811102,1.0000129877531119,5.559140968589704e-06
44.7912990323119,0.9999978262217805,5.559140968589704e-06
44.8118814287926,0.9999981854454172,5.559140968589704e-06
44.84010039609951,1.0000068745216417,5.559140968589704e-06
44.87753764263149,0.9999987548210485,5.559140968589704e-06
44.942969123326584,0.9999979595898404,5.559140968589704e-06
44.98098700444222,0.9999934612618306,5.559140968589704e-06
45.02006641411818,1.0000105778465807,5.559140968589704e-06
45.054606546623134,0.9999992695762974,5.559140968589704e-06
45.09996803471176,0.9999960278088557,5.559140968589704e-06
45.154462716476644,1.0000093200284343,5.559140968589704e-06
45.18235269053833,1.0000062418328726,5.559140968589704e-06
45.22951669154081,1.0000060755253164,5.559140968589704e-06
45.25748106647591,0.9999887266461881,5.559140968589704e-06
45.322531359452675,0.9999984538347139,5.559140968589704e-06
45.33200832600522,0.9999941618332007,5.559140968589704e-06
45.406993110173524,0.9999936399542092,5.559140968589704e-06
45.43508266055979,1.0000038378093237,5.559140968589704e-06
45.45938662332277,0.9999602195512631,5.559140968589704e-06
45.518762707596046,0.9999452125601513,5.559140968589704e-06
45.553730581944556,0.999942799010292,5.559140968589704e-06
45.59947496172548,0.9999391642452502,5.559140968589704e-06
45.6423564937963,0.9999383249219709,5.559140968589704e-06
45.65912727766957,0.9999455422645195,5.559140968589704e-06
45.704118196953736,0.9999498443585864,5.559140968589704e-06
45.769056338282404,0.9999991134351921,5.559140968589704e-06
45.81401134463543,1.0000018240614836,5.559140968589704e-06
45.83197988924083,1.0000003509028281,5.559140968589704e-06
45.88842077426535,0.9999991808456153,5.559140968589704e-06
45.93886363165703,0.9999951830662088,5.559140968589704e-06
45.9594092908696,1.0000023809139436,5.559140968589704e-06
46.01691079811889,1.0000045687810937,5.559140968589704e-06
46.038824132789095,1.0000015506661046,5.559140968589704e-06
46.09847238751576,1.0000003056267053,5.559140968589704e-06
46.11361776107203,1.0000002452850383,5.559140968589704e-06
46.15542559528529,1.0000029905367966,5.559140968589704e-06
46.216442177113194,0.9999974901161989,5.559140968589704e-06
46.25490553209776,1.000004883875229,5.559140968589704e-06
46.28264998263731,0.9999882878943928,5.559140968589704e-06
46.31424734027827,0.9999755660864406,5.559140968589704e-06
46.37397810625663,0.9999500685120691,5.559140968589704e-06
46.41841314706204,0.9999493283482108,5.559140968589704e-06
46.445630489812125,0.9999545442828981,5.559140968589704e-06
46.48945763367694,0.9999569180674245,5.559140968589704e-06
46.52407272159589,0.9999555998749499,5.559140968589704e-06
46.59000954994863,0.9999544920233913,5.559140968589704e-06
46.61163573360024,0.9999601121010899,5.559140968589704e-06
46.64457181113487,0.9999697857943128,5.559140968589704e-06
46.6908535164563,0.9999952810319526,5.559140968589704e-06
46.74015060742902,0.9999988081533231,5.559140968589704e-06
46.791302009130206,1.0000035820842386,5.559140968589704e-06
46.817637389737065,0.9999972325677118,5.559140968589704e-06
46.878429605261424,0.999994081476759,5.559140968589704e-06
46.90290499419643,1.0000058702027246,5.559140968589704e-06
46.92782183429606,0.9999954790832116,5.559140968589704e-06
46.9804914480222,1.0000004524376154,5.559140968589704e-06
47.041355345117054,1.0000011065503833,5.559140968589704e-06
47.06746251031283,1.0000029382137516,5.559140968589704e-06
47.11112216199011,0.9999959935202195,5.559140968589704e-06
47.146423113918075,1.0000015431893632,5.559140968589704e-06
47.18375274435999,1.000005882561111,5.559140968589704e-06
47.24720725375181,1.0000015540530576,5.559140968589704e-06
47.25081328177988,1.0000019131538358,5.559140968589704e-06
47.3005771210313,1.0000006621295932,5.559140968589704e-06
47.36740421413643,0.9999968767181826,5.559140968589704e-06
47.38422424005909,0.9999935075881903,5.559140968589704e-06
47.43851774101619,0.9999975901817033,5.559140968589704e-06
47.47845874431831,1.0000030890146454,5.559140968589704e-06
47.5031228211662,1.0000028312069305,5.559140968589704e-06
47.56709262086136,1.0000028973291872,5.559140968589704e-06
47.61018875901121,0.9999957230634235,5.559140968589704e-06
47.62939847639551,1.0000022054325104,5.559140968589704e-06
47.672208184106424,1.0000067320337256,5.559140968589704e-06
47.73302051548921,1.0000032290361305,5.559140968589704e-06
47.769565152297986,1.0000029755036637,5.559140968589704e-06
47.78928062498886,1.0000063924378177,5.559140968589704e-06
47.83566458434856,0.9999959528971506,5.559140968589704e-06
47.88568329161982,0.9999941089315088,5.559140968589704e-06
47.9235585551903,0.9999952652447641,5.559140968589704e-06
47.961452937312906,0.9999990410855207,5.559140968589704e-06
48.01610420631489,0.99999360896269,5.559140968589704e-06
48.04384044363494,0.9999989045689927,5.559140968589704e-06
48.07575629118157,0.9999957889791092,5.559140968589704e-06
48.141063139911594,0.999995008096793,5.559140968589704e-06
48.17383420838716,0.9999976819300862,5.559140968589704e-06
48.22927192324609,1.0000032708688267,5.559140968589704e-06
